URL,Publisher,Geography,"Report Title","Therapeutic Area","Publication Month","Delivery Timeline","No. Of Pages","Report Code","Report Type",Summary,Illustrative,"List of Tables","List of Figures",Keywords,"Single User Price (USD)","Site License Price (USD)","Enterprise Price (USD)",Companies
"transcranial-alternating-current-stimulation-(tACS) market",DelveInsight,7MM,,Neurology,"April, 2021","7-10 Business Days",120,DIMDCL0215,"Medical Devices",,,,,"Transcranial Alternating Current Stimulation (tACS), Transcranial Alternating Current Stimulation (tACS) Mechanism, Transcranial Alternating Current Stimulation (tACS) Companies, Transcranial Alternating Current Stimulation (tACS)  Medical devices, Transcranial Alternating Current Stimulation (tACS) Market, Transcranial Alternating Current Stimulation (tACS) Industry, Transcranial Alternating Current Stimulation (tACS) Market Size, Transcranial Alternating Current Stimulation (tACS) Market Share, Transcranial Alternating Current Stimulation (tACS) Companies, Transcranial Alternating Current Stimulation (tACS) devices",4750,9500,14250,"Soterix Medical Inc., Neuroelectrics, neuroCare Group GmbH, Brainbox Ltd., humm, among others"," "
"cardiac-resynchronization-therapy market",DelveInsight,7MM,,Cardiology,"April, 2021","7-10 Business Days",120,DIMDCL0216,"Medical Devices",,,,,"Cardiac Resynchronization Therapy, Cardiac Resynchronization Therapy Mechanism, Cardiac Resynchronization Therapy Companies, Cardiac Resynchronization Therapy  Medical devices, Cardiac Resynchronization Therapy Market, Cardiac Resynchronization Therapy Industry, Cardiac Resynchronization Therapy Market Size, Cardiac Resynchronization Therapy Market Share, Cardiac Resynchronization Therapy Companies, Cardiac Resynchronization Therapy devices",4750,9500,14250,"Boston Scientific Corporation, Medtronic, Medico S.p. A, Microport Scientific Corporation, Biotronik, EBR Systems, Inc, and Abbott among others"," "
peripheral-vascular-clot-management-interventions-market,DelveInsight,7MM,,Cardiovascular,"April, 2021","7-10 Business Days",120,DIMDCL0217,"Medical Devices",,,,,"Peripheral Vascular Clot Management Interventions, Peripheral Vascular Clot Management Interventions Mechanism, Peripheral Vascular Clot Management Interventions Companies, Peripheral Vascular Clot Management Interventions  Medical devices, Peripheral Vascular Clot Management Interventions Market, Peripheral Vascular Clot Management Interventions Industry, Peripheral Vascular Clot Management Interventions Market Size, Peripheral Vascular Clot Management Interventions Market Share, Peripheral Vascular Clot Management Interventions Companies, Peripheral Vascular Clot Management Interventions devices",4750,9500,14250,"Boston Scientific Corporation, Penumbra Inc, Medtronic, Koninklijke Philips N.V., Edward LifeSciences Corporation, Cardinal Health, Argon Medical Devices, Inc., Control Medical Technology , B. Braun Melsungen AG., Inari Medical among others"," "
migraine-market,DelveInsight,7MM,,Neurology,"April, 2021","7-10 Business Days",120,DIMDCL0218,"Medical Devices",,,,,"Migraine, Migraine Mechanism, Migraine Companies, Migraine  Medical devices, Migraine Market, Migraine Industry, Migraine Market Size, Migraine Market Share, Migraine Companies, Migraine devices",4750,9500,14250,"Theranica Bio-Electronics LTD, electroCore, Inc.,Cirrus Healthcare Products, Cefaly, eNeura Inc., Prolivio, Neuros Medical, Salvia Bioelectronics, BMedical Pty Ltd., and Neurolief Ltd, among others"," "
vascular-grafts-market,DelveInsight,7MM,,Cardiology,"April, 2021","7-10 Business Days",120,DIMDCL0219,"Medical Devices",,,,,"Vascular Grafts, Vascular Grafts Mechanism, Vascular Grafts Companies, Vascular Grafts  Medical devices, Vascular Grafts Market, Vascular Grafts Industry, Vascular Grafts Market Size, Vascular Grafts Market Share, Vascular Grafts Companies, Vascular Grafts devices",4750,9500,14250,"BD, Medtronic, Terumo Aortic, Cardinal Health, , BIOVIC Sdn Bhd, Getinge AB, W. L. Gore & Associates, Inc., LeMaitre Vascular, Inc.B. Braun Melsungen AG, Perouse Medical, JOTEC GmbH,among others."," "
hemostasis-and-tissue-sealing-agents-market,DelveInsight,7MM,,"General Surgery","April, 2021","7-10 Business Days",120,DIMDCL0220,"Medical Devices",,,,,"Vascular Grafts, Vascular Grafts Mechanism, Vascular Grafts Companies, Vascular Grafts  Medical devices, Vascular Grafts Market, Vascular Grafts Industry, Vascular Grafts Market Size, Vascular Grafts Market Share, Vascular Grafts Companies, Vascular Grafts devices",4750,9500,14250,"BD, Ethicon. Inc, Pfizer, Baxter, H.B. Fuller Company, Advanced Medical Solutions Group plc, Medtronic, TeleFlex Incorporated, Medtrade Products Ltd, B.Braun Melsungen AG, and Tissuemed Ltd among others."," "
"CO2-removal-devices-extracorporeal market",DelveInsight,7MM,,Respiratory,"April, 2021","7-10 Business Days",120,DIMDCL0221,"Medical Devices",,,,,"CO2 Removal Devices (Extracorporeal), CO2 Removal Devices (Extracorporeal) Mechanism, CO2 Removal Devices (Extracorporeal) Companies, CO2 Removal Devices (Extracorporeal)  Medical devices, CO2 Removal Devices (Extracorporeal) Market, CO2 Removal Devices (Extracorporeal) Industry, CO2 Removal Devices (Extracorporeal) Market Size, CO2 Removal Devices (Extracorporeal) Market Share, CO2 Removal Devices (Extracorporeal) Companies, CO2 Removal Devices (Extracorporeal) devices",4750,9500,14250,"Medica S.P.A, ESTOR SPA, ALung Technologies,Inc., X-COR Therapeutics, and Aferetica srl. among others."," "
hyperbaric-oxygen-therapy-equipment-market,DelveInsight,7MM,,"Wound Care","April, 2021","7-10 Business Days",120,DIMDCL0222,"Medical Devices",,,,,"Hyperbaric Oxygen Therapy Equipment, Hyperbaric Oxygen Therapy Equipment Mechanism, Hyperbaric Oxygen Therapy Equipment Companies, Hyperbaric Oxygen Therapy Equipment  Medical devices, Hyperbaric Oxygen Therapy Equipment Market, Hyperbaric Oxygen Therapy Equipment Industry, Hyperbaric Oxygen Therapy Equipment Market Size, Hyperbaric Oxygen Therapy Equipment Market Share, Hyperbaric Oxygen Therapy Equipment Companies, Hyperbaric Oxygen Therapy Equipment devices",4750,9500,14250,"HearMec Corporation, Hyperbaric Modular Systems Inc, IHC Hytech, HAUX-LIFE-SUPPORT GmbH., BioBarica, Hyperbaric SAC, OxyHealth, LLC, Sechrist, Perry Baromedical, Baroks Hyperbaric, AHA Hyperbarics GmbH, and Oxynova., among others."," "
intracranial-aneurysms-market,DelveInsight,7MM,,Neurology,"April, 2021","7-10 Business Days",120,DIMDCL0223,"Medical Devices",,,,,"Intracranial Aneurysms, Intracranial Aneurysms Mechanism, Intracranial Aneurysms Companies, Intracranial Aneurysms  Medical devices, Intracranial Aneurysms Market, Intracranial Aneurysms Industry, Intracranial Aneurysms Market Size, Intracranial Aneurysms Market Share, Intracranial Aneurysms Companies, Intracranial Aneurysms devices",4750,9500,14250,"Medtronic Inc., Microport Scientific Corporation, B. Braun Melsungen AG, Stryker Corp, Johnson & Johnson Inc, Microvention, Inc, Biomodex, and Codman Neuro among others."," "
medicated-intrauterine-devices-market,DelveInsight,7MM,,Gynecology,"April, 2021","7-10 Business Days",120,DIMDCL0224,"Medical Devices",,,,,"Medicated Intrauterine Devices, Medicated Intrauterine Devices Mechanism, Medicated Intrauterine Devices Companies, Medicated Intrauterine Devices  Medical devices, Medicated Intrauterine Devices Market, Medicated Intrauterine Devices Industry, Medicated Intrauterine Devices Market Size, Medicated Intrauterine Devices Market Share, Medicated Intrauterine Devices Companies, Medicated Intrauterine Devices devices",4750,9500,14250,"Bayer, Agile Therapeutics, Actavis PLC, Allergan, and Pregna International Limited, among others."," "
"peripheral-artery-disease-and-stenosis-treatment-devices market",DelveInsight,7MM,,Cardiovascular,"April, 2021","7-10 Business Days",120,DIMDCL0225,"Medical Devices",,,,,"Peripheral Artery Disease and Stenosis Treatment Devices, Peripheral Artery Disease and Stenosis Treatment Devices Mechanism, Peripheral Artery Disease and Stenosis Treatment Devices Companies, Peripheral Artery Disease and Stenosis Treatment Devices  Medical devices, Peripheral Artery Disease and Stenosis Treatment Devices Market, Peripheral Artery Disease and Stenosis Treatment Devices Industry, Peripheral Artery Disease and Stenosis Treatment Devices Market Size, Peripheral Artery Disease and Stenosis Treatment Devices Market Share, Peripheral Artery Disease and Stenosis Treatment Devices Companies, Peripheral Artery Disease and Stenosis Treatment Devices devices",4750,9500,14250,"Medtronic Plc., Becton, Dickinson and Company, Cardinal Health, Inc., B. Braun Melsungen AG, MicroPort Scientific Corporation, Boston Scientific Corporation, BIOTRONIK SE & Co. KG, Abbott Laboratories, W.L. Gore & Associates Inc., and Cook Medical Inc., among others."," "
tinnitus-medical-devices-market,DelveInsight,7MM,,ENT,"April, 2021","7-10 Business Days",120,DIMDCL0226,"Medical Devices",,,,,"Tinnitus Medical Devices, Tinnitus Medical Devices Mechanism, Tinnitus Medical Devices Companies, Tinnitus Medical Devices  Medical devices, Tinnitus Medical Devices Market, Tinnitus Medical Devices Industry, Tinnitus Medical Devices Market Size, Tinnitus Medical Devices Market Share, Tinnitus Medical Devices Companies, Tinnitus Medical Devices devices",4750,9500,14250,"Neuromod Devices Ltd., Neuromonics, Inc., GN Hearing A/S (ReSound), Sivantos, Inc., Oticon Inc., Puretone Ltd., Widex A/S, Signia, Adaptive Sound Technologies, Inc., SoundOasis, Hansaton Akustik GmbH, Starkey Hearing Technologies, Inc, ADM Tronics Unlimited Inc., Otoharmonics Corp, Miracle-Ear, Phonak, and Amplifon among others."," "
"myopia-treatment-devices market",DelveInsight,7MM,,Ophthalmology,"April, 2021","7-10 Business Days",120,DIMDCL0227,"Medical Devices",,,,,"Myopia Treatment Devices, Myopia Treatment Devices Mechanism, Myopia Treatment Devices Companies, Myopia Treatment Devices  Medical devices, Myopia Treatment Devices Market, Myopia Treatment Devices Industry, Myopia Treatment Devices Market Size, Myopia Treatment Devices Market Share, Myopia Treatment Devices Companies, Myopia Treatment Devices devices",4750,9500,14250,"CooperVision, Johnson & Johnson Vision (Acuve), Essilor Ltd., Bausch & Lomb Incorporated, Visioneering Technologies, Inc., LUCID KOREA, ALCON VISION LLC, Carl Zeiss Meditec AG, SynergEyes, Hoya Lens, STAAR Surgical Company, Paragon among others."," "
"nuclear-imaging-equipment market",DelveInsight,7MM,,Diagnostics,"April, 2021","7-10 Business Days",120,DIMDCL0228,"Medical Devices",,,,,"Nuclear Imaging Equipment, Nuclear Imaging Equipment Mechanism, Nuclear Imaging Equipment Companies, Nuclear Imaging Equipment  Medical devices, Nuclear Imaging Equipment Market, Nuclear Imaging Equipment Industry, Nuclear Imaging Equipment Market Size, Nuclear Imaging Equipment Market Share, Nuclear Imaging Equipment Companies, Nuclear Imaging Equipment devices",4750,9500,14250,"Siemens Healthineers, GE Healthcare, Koninklijke Philips, Digirad Corporation, Neusoft Medical Systems Co., Ltd, Canon Medical Systems Corporation, SurgicEye GmbH, DDD-Diagnostic A/S, CMR Naviscan Corporation, Mediso Ltd., Shimadzu Corporation, and PerkinElmer among others."," "
capnography-devices-market,DelveInsight,7MM,,Respiratory,"April, 2021","7-10 Business Days",120,DIMDCL0229,"Medical Devices",,,,,"Capnography Devices, Capnography Devices Mechanism, Capnography Devices Companies, Capnography Devices  Medical devices, Capnography Devices Market, Capnography Devices Industry, Capnography Devices Market Size, Capnography Devices Market Share, Capnography Devices Companies, Capnography Devices devices",4750,9500,14250,"Smiths Medical, Dragerwerk AG & Co. KGaA., Welch Allyn, Inc., Masimo Corporation, Philips Healthcare, Medtronic, Inc., Nonin Medical, Inc., Nihon Kohden Corporation, CareFusion Corporation, TreyMed, Inc., Salter Labs and Infinium Medical among others."," "
corneal-transplant-market,DelveInsight,7MM,"Corneal Transplant Market - Market Insights, Competitive Landscape and Market Forecast-2026",Ophthalmology,"April, 2021","7-10 Business Days",120,DIMDCL0230,"Medical Devices",,,,,"Corneal Transplant, Corneal Transplant Mechanism, Corneal Transplant Companies, Corneal Transplant  Medical devices, Corneal Transplant Market, Corneal Transplant Industry, Corneal Transplant Market Size, Corneal Transplant Market Share, Corneal Transplant Companies, Corneal Transplant devices",4750,9500,14250,"Corneat Vision, Corneagen, LinkoCare Life Sciences Ltd, Keramed, precisebio, DIOPTEX and Massachusetts Eye & Ear Infirmary among others."," "
drug-eluting-stents-market,DelveInsight,7MM,"Drug-Eluting Stents - Market Insights, Competitive Landscape and, Market Forecast - 2026",Cardiology,"April, 2021","7-10 Business Days",120,DIMDCL0231,"Medical Devices",,,,,"Drug-Eluting Stents, Drug-Eluting Stents Mechanism, Drug-Eluting Stents Companies, Drug-Eluting Stents  Medical devices, Drug-Eluting Stents Market, Drug-Eluting Stents Industry, Drug-Eluting Stents Market Size, Drug-Eluting Stents Market Share, Drug-Eluting Stents Companies, Drug-Eluting Stents devices",4750,9500,14250,"Abbott, Braun Melsungen AG, Biosensors International Group, Ltd, BIOTRONIK SE & Co. KG, Boston Scientific Corporation, Terumo Corporation, Medtronic, MicroPort Scientific Corporation, STENTYS SA, Lepu Medical, Cook, and Cardinal Health, among others."," "
dialysis-catheters-market,DelveInsight,7MM,,Nephrology/Renal,"April, 2021","7-10 Business Days",120,DIMDCL0232,"Medical Devices",,,,,"Dialysis Catheters, Dialysis Catheters Mechanism, Dialysis Catheters Companies, Dialysis Catheters  Medical devices, Dialysis Catheters Market, Dialysis Catheters Industry, Dialysis Catheters Market Size, Dialysis Catheters Market Share, Dialysis Catheters Companies, Dialysis Catheters devices",4750,9500,14250,"Amecath Medical Technologies, Haidylena, Teleflex Incorporated, Nipro Corporation, Medtronic, Baxter, Wellex Medical, BD, among others."," "
urology-catheters-market,DelveInsight,7MM,,Nephrology/Renal,"April, 2021","7-10 Business Days",120,DIMDCL0233,"Medical Devices",,,,,"Urology Catheters, Urology Catheters Mechanism, Urology Catheters Companies, Urology Catheters  Medical devices, Urology Catheters Market, Urology Catheters Industry, Urology Catheters Market Size, Urology Catheters Market Share, Urology Catheters Companies, Urology Catheters devices",4750,9500,14250,"Amecath Medical Technologies, Teleflex Incorporated, Elreda, COOK, ConvaTec, Cardinal Health, Bactiguard, Wellex Medical, Coloplast, and BD among others."," "
lymphoedema-market,DelveInsight,7MM,,General/Oncology,"April, 2021","7-10 Business Days",120,DIMDCL0234,"Medical Devices",,,,,"Lymphoedema, Lymphoedema Mechanism, Lymphoedema Companies, Lymphoedema  Medical devices, Lymphoedema Market, Lymphoedema Industry, Lymphoedema Market Size, Lymphoedema Market Share, Lymphoedema Companies, Lymphoedema devices",4750,9500,14250,"Bio Compression Systems, Inc., Devon Medical Products, Lohmann & Rauscher, Mego Afek Ltd, Tactile Systems Technology Inc., AIROS Medical Inc., BSN Medical GmbH, KOYA MEDICAL, SIGVARIS., among others."," "
intracranial-pressure-monitoring-devices-market,DelveInsight,7MM,,Neurology,"April, 2021","7-10 Business Days",120,DIMDCL0235,"Medical Devices",,,,,"Intracranial Pressure Monitoring Devices, Intracranial Pressure Monitoring Devices Mechanism, Intracranial Pressure Monitoring Devices Companies, Intracranial Pressure Monitoring Devices  Medical devices, Intracranial Pressure Monitoring Devices Market, Intracranial Pressure Monitoring Devices Industry, Intracranial Pressure Monitoring Devices Market Size, Intracranial Pressure Monitoring Devices Market Share, Intracranial Pressure Monitoring Devices Companies, Intracranial Pressure Monitoring Devices devices",4750,9500,14250,"Medtronic plc; Integra LifeSciences Holdings Corporation; and Codman & Shurtleff, Inc., RAUMEDIC AG; Vittamed; Orsan Medical Technologies; and Spiegelberg GmbH & Co. KG., Sophysa SA, Vivonics Inc., Neural Analytics, and Natus Medical Incorporated, among others."," "
elastomeric-pump-market,DelveInsight,7MM,,"Drug Delivery","April, 2021","7-10 Business Days",120,DIMDCL0236,"Medical Devices",,,,,"Elastomeric Pump, Elastomeric Pump Mechanism, Elastomeric Pump Companies, Elastomeric Pump  Medical devices, Elastomeric Pump Market, Elastomeric Pump Industry, Elastomeric Pump Market Size, Elastomeric Pump Market Share, Elastomeric Pump Companies, Elastomeric Pump devices",4750,9500,14250,"B. Braun Medical Inc., Baxter International Inc., Daiken Medical Co., Ltd, Nipro Corporation, Halyard Health, Inc., Palex Medical SA, Heka s.r.l, Leventon S.A.U., Avanos Medical, Smiths Medical Inc. (Smiths Group)., among others."," "
blood-glucose-monitoring-systems-market,DelveInsight,7MM,,Diagnostics,"April, 2021","7-10 Business Days",120,DIMDCL0237,"Medical Devices",,,,,"Blood Glucose Monitoring Systems, Blood Glucose Monitoring Systems Mechanism, Blood Glucose Monitoring Systems Companies, Blood Glucose Monitoring Systems  Medical devices, Blood Glucose Monitoring Systems Market, Blood Glucose Monitoring Systems Industry, Blood Glucose Monitoring Systems Market Size, Blood Glucose Monitoring Systems Market Share, Blood Glucose Monitoring Systems Companies, Blood Glucose Monitoring Systems devices",4750,9500,14250,"Abbott Laboratories, ARKRAY, Inc., Bayer AG, Dexcom, Inc., F. Hoffmann-La Roche Ltd, Johnson & Johnson, Medtronic plc, Nipro Diagnostics, Inc., and Terumo Medical Corporation., among others."," "
chronic-post-amputation-pain-market,DelveInsight,7MM,,Orthopedic/neurology,"April, 2021","7-10 Business Days",120,DIMDCL0238,"Medical Devices",,,,,"Chronic Post-Amputation Pain, Chronic Post-Amputation Pain Mechanism, Chronic Post-Amputation Pain Companies, Chronic Post-Amputation Pain  Medical devices, Chronic Post-Amputation Pain Market, Chronic Post-Amputation Pain Industry, Chronic Post-Amputation Pain Market Size, Chronic Post-Amputation Pain Market Share, Chronic Post-Amputation Pain Companies, Chronic Post-Amputation Pain devices",4750,9500,14250,"Medtronic Inc., Boston Scientific Corporation, Abbott, SensArs, SunMed, Neuronetics, Neuros Medical Inc., Wedge Therapeutics, and Nevro Corporation, among others."," "
circadian-rhythm-sleep-disorders-market,DelveInsight,7MM,,Neurology,"April, 2021","7-10 Business Days",120,DIMDCL0239,"Medical Devices",,,,,"Circadian Rhythm Sleep Disorders, Circadian Rhythm Sleep Disorders Mechanism, Circadian Rhythm Sleep Disorders Companies, Circadian Rhythm Sleep Disorders  Medical devices, Circadian Rhythm Sleep Disorders Market, Circadian Rhythm Sleep Disorders Industry, Circadian Rhythm Sleep Disorders Market Size, Circadian Rhythm Sleep Disorders Market Share, Circadian Rhythm Sleep Disorders Companies, Circadian Rhythm Sleep Disorders devices",4750,9500,14250,"Verilux, Inc., The Sunbox Company, Carex Health, Circadian Optics, and Northern Light Technologies., among others."," "
immunohistochemistry-(IHC)-market,DelveInsight,7MM,,Diagnostics,"April, 2021","7-10 Business Days",120,DIMDCL0240,"Medical Devices",,,,,"Immunohistochemistry (IHC), Immunohistochemistry (IHC) Mechanism, Immunohistochemistry (IHC) Companies, Immunohistochemistry (IHC)  Medical devices, Immunohistochemistry (IHC) Market, Immunohistochemistry (IHC) Industry, Immunohistochemistry (IHC) Market Size, Immunohistochemistry (IHC) Market Share, Immunohistochemistry (IHC) Companies, Immunohistochemistry (IHC) devices",4750,9500,14250,"F. Hoffmann-LA Roche AG, Agilent Technologies, Inc., Thermo Fisher Scientific Inc., Merck KGaA, Abcam PLC, Bio-Rad Laboratories, Inc., Perkinelmer, Inc., Cell Signaling Technology, Inc., Bio SB, among others."," "
radiologic-cancer-therapy-market,DelveInsight,7MM,,Oncology,"April, 2021","7-10 Business Days",120,DIMDCL0241,"Medical Devices",,,,,"Radiologic Cancer Therapy, Radiologic Cancer Therapy Mechanism, Radiologic Cancer Therapy Companies, Radiologic Cancer Therapy  Medical devices, Radiologic Cancer Therapy Market, Radiologic Cancer Therapy Industry, Radiologic Cancer Therapy Market Size, Radiologic Cancer Therapy Market Share, Radiologic Cancer Therapy Companies, Radiologic Cancer Therapy devices",4750,9500,14250,"Accuray, Inc., Nordion Inc., Varian Medical Systems, IsoRay, Inc., Ion Beam Applications SA, Elekta AB, C.R. Bard, Inc., Mallinckrodt Public Ltd., Mevion Medical Systems among others."," "
dialysis-devices-market,DelveInsight,7MM,,Nephrology/renal,"April, 2021","7-10 Business Days",120,DIMDCL0242,"Medical Devices",,,,,"Dialysis Devices, Dialysis Devices Mechanism, Dialysis Devices Companies, Dialysis Devices  Medical devices, Dialysis Devices Market, Dialysis Devices Industry, Dialysis Devices Market Size, Dialysis Devices Market Share, Dialysis Devices Companies, Dialysis Devices devices",4750,9500,14250,"Fresenius Medical Care, B. Braun Melsungen AG, Nipro Corporation, Dialife SA, Baxter, Cantel Medical Corporation, NIKKISO CO., LTD, Asahi Kasei Medical, Mar Cor Purification, Diaverum Deutschland, NxStage Medical, Inc. among others."," "
medical-vacuum-regulator-market,DelveInsight,7MM,,"General Surgery","April, 2021","7-10 Business Days",120,DIMDCL0243,"Medical Devices",,,,,"Medical Vacuum Regulator, Medical Vacuum Regulator Mechanism, Medical Vacuum Regulator Companies, Medical Vacuum Regulator  Medical devices, Medical Vacuum Regulator Market, Medical Vacuum Regulator Industry, Medical Vacuum Regulator Market Size, Medical Vacuum Regulator Market Share, Medical Vacuum Regulator Companies, Medical Vacuum Regulator devices",4750,9500,14250,"Amico Corporation, Air Liquide Healthcare, Ohio Medical, Precision Medical Inc., Allied Healthcare Products, Inc., BeaconMedaes, HERSILL, TECO, Vyaire Medical, TECHNOLOGIE MEDICALE S.A.S., among others."," "
