year ,title,scope ,table of content ,Price,GLObal price
2021,High Purity Trimethyl Aluminum Market - Global Outlook and Forecast 2021-2027,"This report contains market size and forecasts of High Purity Trimethyl Aluminum in global, including the following market information:","INTRODUCTION OF GLOBAL TRIMETHYLALUMINUM MARKET 1.1 Market Definition 1.2 Market Segmentation 1.3 Research Timelines 1.4 Assumptions 1.5 Limitations 2 RESEARCH METHODOLOGY 2.1 Data Mining 2.2 Secondary Research 2.3 Primary Research 2.4 Subject Matter Expert Advice 2.5 Quality Check 2.6 Final Review 2.7 Data Triangulation 2.8 Bottom-Up Approach 2.9 Top Down Approach 2.10 Research Flow 2.11 Key Insights from Industry Experts 2.12 Data Sources 3 EXECUTIVE SUMMARY 3.1 Market Overview 3.2 Global Trimethylaluminum Market Geographical Analysis (CAGR %) 3.3 Global Trimethylaluminum Market, By Grade (USD Million) 3.4 Global Trimethylaluminum Market, By Product (USD Million) 3.5 Global Trimethylaluminum Market, By Application (USD Million) 3.6 Global Trimethylaluminum Market, By End-Use (USD Million) 3.7 Future Market Opportunities This section outlines the product definition, assumptions and limitations considered while forecasting the market This section highlights the detailed research methodology adopted while estimating the overall market helping clients understand the overall approach for market sizing This section covers comprehensive summary of the global market giving some quick pointers for corporate presentationsBack to Top 3.8 Global Market Split 3.9 Product Life Line 4 GLOBAL TRIMETHYLALUMINUM MARKET OUTLOOK 4.1 Global Trimethylaluminum Market Outlook 4.2 Drivers 4.2.1 Driver 1 4.2.2 Driver 2 4.3 Restraints 4.3.1 Restraint 1 4.3.2 Restraint 2 4.4 Opportunities 4.4.1Opportunity 1 4.4.2Opportunity 2 4.5 Impact of COVID – 19 on Trimethylaluminum Market 4.6 Porter’s Five Forces Analysis 5 GLOBAL TRIMETHYLALUMINUM MARKET BY GRADE 5.1 Overview 5.2 Electronic 5.3 Solar 6 GLOBAL TRIMETHYLALUMINUM MARKET BY PRODUCT 6.1 Overview 6.2 4N 6.3 5N 6.4 6N This section highlights the growth factors market opportunities, white spaces, market dynamics, COVID-19 impact analysis and Porter’s Five Forces Analysis This section outlines the segments based on which market has been fragmented and further broken down into i.e. GRADE , PRODUCT , APPLICATION , END-USE Back to Top 7 GLOBAL TRIMETHYLALUMINUM MARKET BY APPLICATION 7.1 Overview 7.2 Catalyst / Co-Catalysts 7.3 Aluminum Oxide Films 7.4 Metalorganics 8 GLOBAL TRIMETHYLALUMINUM MARKET BY END-USE 8.1 Overview 8.2 LED Industry 8.3 Solar Cell 8.4 Semiconductor 8.5 Others 9 GLOBAL TRIMETHYLALUMINUM MARKET, BY GEOGRAPHY 9.1 OVERVIEW 9.2 NORTH AMERICA MARKET ESTIMATES AND FORECAST, 2019 – 2028 (USD MILLION) 9.2.1 U.S. 9.2.2 Canada 9.2.3 Mexico 9.3 EUROPE MARKET ESTIMATES AND FORECAST, 2019 – 2028 (USD MILLION) 9.3.1Germany 9.3.2France 9.3.3 U.K. 9.3.4 Rest of Europe 9.4 ASIA PACIFIC MARKET ESTIMATES AND FORECAST, 2019 – 2028 (USD MILLION) 9.4.1 China This section covers global market analysis by key regions considered further broken down into its key contributing countriesBack to Top 9.4.2 India 9.4.3 Japan 9.4.4 Rest of Asia-Pacific 9.5 ROW MARKET ESTIMATES AND FORECAST, 2019 – 2028 (USD MILLION) 9.5.1 Latin America 9.5.2 Middle East and Africa 10 COMPETITIVE LANDSCAPE 10.1 Overview 10.2 Company Market Ranking 10.3 Key Developments 11 COMPANY PROFILES 11.1 Introduction 11.2 American Elements 11.2.1 Company Overview* 11.2.2 Company Insights* 11.2.3 Product Benchmarking* 11.2.4 Key Development* 11.2.5 Swot Analysis 11.3 Merck KGaA 11.4 Nouryon 11.5 RCI Labscan Limited 11.6 Gulbrandsen 11.7 Albemarle Corporation 11.8 SEBOS 11.9 LANXESS 11.10Spectrum Chemical Manufacturing Corp *Note: This data will be provided for all the above listed companies This section covers market analysis of competitors based on revenue tiers, single point view of portfolio across industry segments and their relative market position This section highlights the key competitors in the market, with a focus on presenting an in-depth analysis into their product offerings, profitability, footprint and a detailed strategy overview for top market participantsBack to Top 12 VERIFIED MARKET INTELLIGENCE 12.1 About Verified Market Intelligence 12.2 Dynamic Data Visualization 12.2.1 Country Vs Segment Analysis 12.2.2 Market Overview By Geography 12.2.3 Regional Level Overview",3950,6750
,,"Global High Purity Trimethyl Aluminum Market Revenue, 2016-2021, 2022-2027, ($ millions)",,,
,,"Global High Purity Trimethyl Aluminum Market Sales, 2016-2021, 2022-2027, (Kilogram)",,,
,,Global top five High Purity Trimethyl Aluminum companies in 2020 (%),,,
,,"The global High Purity Trimethyl Aluminum market was valued at xx million in 2020 and is projected to reach US$ xx million by 2027, at a CAGR of xx% during the forecast period.",,,
,,"MARKET MONITOR GLOBAL, INC (MMG) has surveyed the High Purity Trimethyl Aluminum manufacturers, suppliers, distributors and industry experts on this industry, involving the sales, revenue, demand, price change, product type, recent development and plan, industry trends, drivers, challenges, obstacles, and potential risks.",,,
,,Total Market by Segment:,,,
,,"Global High Purity Trimethyl Aluminum Market, By Type, 2016-2021, 2022-2027 ($ Millions) & (Kilogram)",,,
,,"Global High Purity Trimethyl Aluminum Market Segment Percentages, By Type, 2020 (%)",,,
,,    4N,,,
,,    5N,,,
,,    6N,,,
,,,,,
,,"Global High Purity Trimethyl Aluminum Market, By Application, 2016-2021, 2022-2027 ($ Millions) & (Kilogram)",,,
,,"Global High Purity Trimethyl Aluminum Market Segment Percentages, By Application, 2020 (%)",,,
,,    LED Industry,,,
,,    Solar Cell,,,
,,    Semiconductor Laser,,,
,,    Others,,,
,,,,,
,,"Global High Purity Trimethyl Aluminum Market, By Region and Country, 2016-2021, 2022-2027 ($ Millions) & (Kilogram)",,,
,,"Global High Purity Trimethyl Aluminum Market Segment Percentages, By Region and Country, 2020 (%)",,,
,,    North America,,,
,,        US,,,
,,        Canada,,,
,,        Mexico,,,
,,    Europe,,,
,,        Germany,,,
,,        France,,,
,,        U.K.,,,
,,        Italy,,,
,,        Russia,,,
,,        Nordic Countries,,,
,,        Benelux,,,
,,        Rest of Europe,,,
,,    Asia,,,
,,        China,,,
,,        Japan,,,
,,        South Korea,,,
,,        Southeast Asia,,,
,,        India,,,
,,        Rest of Asia,,,
,,    South America,,,
,,        Brazil,,,
,,        Argentina,,,
,,        Rest of South America,,,
,,    Middle East & Africa,,,
,,        Turkey,,,
,,        Israel,,,
,,        Saudi Arabia,,,
,,        UAE,,,
,,        Rest of Middle East & Africa,,,
,,,,,
,,Competitor Analysis,,,
,,The report also provides analysis of leading market participants including:,,,
,,"Key companies High Purity Trimethyl Aluminum revenues in global market, 2016-2021 (Estimated), ($ millions)",,,
,,"Key companies High Purity Trimethyl Aluminum revenues share in global market, 2020 (%)",,,
,,"Key companies High Purity Trimethyl Aluminum sales in global market, 2016-2021 (Estimated), (Kilogram)",,,
,,"Key companies High Purity Trimethyl Aluminum sales share in global market, 2020 (%)",,,
,,"Further, the report presents profiles of competitors in the market, key players include:",,,
,,    Nouryon (Akzo Nobel),,,
,,    Albemarle,,,
,,    Lanxess (Chemtura),,,
,,    Jiangsu Nata Opto-electronic Material,,,
,,    SAFC Hitech,,,
,,    Jiang Xi Jia Yin Opt-Electronic Material,,,
,,    UP Chemical,,,
,,    Lake Materials,,,
,,    ARGOSUN MO,,,
